Date,Total
2019-01-02,288732
2019-01-03,312162
2019-01-04,246400
2019-01-05,214133
2019-01-06,208366
2019-01-07,125371
2019-01-08,85270
2019-01-10,67828
2019-01-11,91714
2019-01-12,210200
2019-01-13,271479
2019-01-14,151203
2019-01-15,79550
2019-01-17,73934
2019-01-18,89550
2019-01-19,137808
2019-01-20,136914
2019-01-21,83776
2019-01-22,59902
2019-01-24,78650
2019-01-25,81775
2019-01-26,142060
2019-01-27,162428
2019-01-28,66250
2019-01-29,89003
2019-01-31,71814
2019-02-01,72608
2019-02-02,142546
2019-02-03,142893
2019-02-04,100470
2019-02-05,97576
2019-02-07,80240
2019-02-08,69773
2019-02-09,128000
2019-02-10,146650
2019-02-11,184287
2019-02-12,83946
2019-02-14,83934
2019-02-15,91732
2019-02-16,105198
2019-02-17,147688
2019-02-18,108587
2019-02-19,60642
2019-02-21,83573
2019-02-22,82579
2019-02-23,140042
2019-02-24,156926
2019-02-25,124662
2019-02-26,107028
2019-02-28,71666
2019-03-01,81834
2019-03-02,145414
2019-03-03,156634
2019-03-04,105538
2019-03-05,123357
2019-03-07,72876
2019-03-08,106505
2019-03-09,158482
2019-03-10,155779
2019-03-11,76539
2019-03-12,97746
2019-03-14,102368
2019-03-15,85089
2019-03-16,123260
2019-03-17,158623
2019-03-18,116265
2019-03-19,99148
2019-03-21,151459
2019-03-22,130153
2019-03-23,151292
2019-03-24,164026
2019-03-25,127734
2019-03-26,130246
2019-03-28,117350
2019-03-29,145617
2019-03-30,162830
2019-03-31,192480
2019-04-01,120603
2019-04-02,120511
2019-04-04,116520
2019-04-05,114846
2019-04-06,187362
2019-04-07,187710
2019-04-08,110389
2019-04-09,119846
2019-04-11,122110
2019-04-12,151700
2019-04-13,232302
2019-04-14,202214
2019-04-15,148648
2019-04-16,158990
2019-04-18,135047
2019-04-19,136748
2019-04-20,217080
2019-04-21,222445
2019-04-22,91195
2019-04-23,98130
2019-04-25,83548
2019-04-26,93019
2019-04-27,178922
2019-04-28,215415
2019-04-29,261012
2019-04-30,252521
2019-05-01,272000
2019-05-02,246624
2019-05-03,263615
2019-05-04,268269
2019-05-05,190390
2019-05-06,177826
2019-05-07,84725
2019-05-09,84664
2019-05-10,105446
2019-05-11,123028
2019-05-12,155654
2019-05-13,99044
2019-05-14,110305
2019-05-16,83341
2019-05-17,122232
2019-05-18,153855
2019-05-19,197689
2019-05-20,94125
2019-05-21,92229
2019-05-23,89595
2019-05-24,105138
2019-05-25,214433
2019-05-26,222438
2019-05-27,101034
2019-05-28,92775
2019-05-30,116864
2019-05-31,104586
2019-06-01,175294
2019-06-02,161090
2019-06-03,109862
2019-06-04,76102
2019-06-06,85531
2019-06-07,85099
2019-06-08,162855
2019-06-09,165578
2019-06-10,85198
2019-06-11,92000
2019-06-13,121895
2019-06-14,130342
2019-06-15,111304
2019-06-16,144659
2019-06-17,97070
2019-06-18,87838
2019-06-20,77873
2019-06-21,89486
2019-06-22,267916
2019-06-23,241542
2019-06-24,85179
2019-06-25,87664
2019-06-27,82347
2019-06-28,96563
2019-06-29,155970
2019-06-30,141999
2019-07-01,106629
2019-07-02,74611
2019-07-04,74987
2019-07-05,80822
2019-07-06,150506
2019-07-07,125208
2019-07-08,118399
2019-07-09,94841
2019-07-11,120525
2019-07-12,103585
2019-07-13,159176
2019-07-14,200613
2019-07-15,198177
2019-07-16,85268
2019-07-18,81294
2019-07-19,101680
2019-07-20,153254
2019-07-21,173584
2019-07-22,108073
2019-07-23,107884
2019-07-25,83335
2019-07-26,85254
2019-07-27,145049
2019-07-28,168001
2019-07-29,113206
2019-07-30,103002
2019-08-01,94791
2019-08-02,84487
2019-08-03,159728
2019-08-04,148014
2019-08-05,77604
2019-08-06,115453
2019-08-08,109093
2019-08-09,116095
2019-08-10,137979
2019-08-11,200638
2019-08-12,217585
2019-08-13,197771
2019-08-14,190459
2019-08-15,205257
2019-08-16,155482
2019-08-17,162395
2019-08-18,140353
2019-08-19,132566
2019-08-20,113807
2019-08-22,128549
2019-08-23,112343
2019-08-24,152437
2019-08-25,168883
2019-08-26,112414
2019-08-27,116071
2019-08-29,102215
2019-08-30,92653
2019-08-31,138428
2019-09-01,186093
2019-09-02,110238
2019-09-03,77815
2019-09-05,97216
2019-09-06,113236
2019-09-07,131008
2019-09-08,157193
2019-09-09,91350
2019-09-10,88545
2019-09-11,1024
2019-09-12,108615
2019-09-13,95159
2019-09-14,141768
2019-09-15,187331
2019-09-16,168916
2019-09-17,101075
2019-09-19,500
2019-09-20,91539
2019-09-21,138996
2019-09-22,173628
2019-09-23,167572
2019-09-24,119884
2019-09-25,5398
2019-09-26,97917
2019-09-27,102664
2019-09-28,142862
2019-09-29,208079
2019-09-30,134076
2019-10-01,123375
2019-10-02,93592
2019-10-03,115843
2019-10-04,124984
2019-10-05,150596
2019-10-06,144069
2019-10-07,114059
2019-10-08,117853
2019-10-10,108156
2019-10-11,120508
2019-10-12,46407
2019-10-13,123818
2019-10-14,116449
2019-10-15,116869
2019-10-17,110894
2019-10-18,97805
2019-10-19,141858
2019-10-20,152239
2019-10-21,145254
2019-10-22,165824
2019-10-24,94547
2019-10-25,87886
2019-10-26,156089
2019-10-27,185594
2019-10-28,116320
2019-10-29,108891
2019-10-31,100477
2019-11-01,109571
2019-11-02,148770
2019-11-03,225582
2019-11-04,186006
2019-11-05,124650
2019-11-07,111165
2019-11-08,99504
2019-11-09,151227
2019-11-10,180640
2019-11-11,100002
2019-11-12,119368
2019-11-14,101570
2019-11-15,109742
2019-11-16,153170
2019-11-17,189218
2019-11-18,116883
2019-11-19,87615
2019-11-21,90190
2019-11-22,110270
2019-11-23,187760
2019-11-24,178516
2019-11-25,110492
2019-11-26,92566
2019-11-28,96207
2019-11-29,101236
2019-11-30,160410
2019-12-01,139487
2019-12-02,66593
2019-12-03,92433
2019-12-05,83399
2019-12-06,86812
2019-12-07,160762
2019-12-08,173600
2019-12-09,93904
2019-12-10,90375
2019-12-12,102181
2019-12-13,80313
2019-12-14,173502
2019-12-15,175795
2019-12-16,97521
2019-12-17,74522
2019-12-19,103489
2019-12-20,98687
2019-12-21,147276
2019-12-22,131953
2019-12-23,69563
2019-12-24,74588
2019-12-26,95159
2019-12-27,125906
2019-12-28,144381
2019-12-29,177919
2019-12-30,172197
2019-12-31,149889
